{"cameraMode":{"drawMode":0,"name":"Shaded","section":"Shading Mode"},"sceneLighting":false,"audioPlay":false,"sceneViewState":{"showFog":true,"showMaterialUpdate":false,"showSkybox":true,"showFlares":true,"showImageEffects":true,"showParticleSystems":true},"in2DMode":false,"pivot":{"x":0.9247406721115112,"y":1.1878342628479005,"z":0.6029815673828125},"rotation":{"x":-0.3060797452926636,"y":0.2168007642030716,"z":-0.07180002331733704,"w":-0.9242063760757446},"size":4.637946605682373,"orthographic":false}