{"cameraMode":{"drawMode":0,"name":"Shaded","section":"Shading Mode"},"sceneLighting":true,"audioPlay":false,"sceneViewState":{"showFog":true,"showMaterialUpdate":false,"showSkybox":true,"showFlares":true,"showImageEffects":true,"showParticleSystems":true},"in2DMode":false,"pivot":{"x":-8.205520629882813,"y":-5.761387825012207,"z":-24.693771362304689},"rotation":{"x":0.0971502736210823,"y":-0.8994786143302918,"z":0.25739771127700808,"w":0.3394799530506134},"size":34.22608184814453,"orthographic":false}